"mozilla","tag","598582"
"jetpack","tag","598582"
"wndproc","tag","542079"
"winapi","tag","542079"
"jsctypes","tag","542079"
"win32api","tag","541498"
"jsctypes","tag","541498"
"google maps api","tag","559311"
"auto-suggest","tag","559311"
"usb key","tag","461701"
"portable","tag","461701"
"firefox","tag","461701"
"sabnzbd","tag","456513"
"nzb","tag","456513"
"firefox","tag","456513"
"callgraph","tag","252667"
"ocaml","tag","252667"
"valgrind","tag","252667"
"kcachegrind","tag","252667"
"profiling","tag","252667"
"typage statique","tag","212155"
"typage dynamique","tag","212155"
"tests unitaires","tag","212155"
"arretetoi.la","tag","576043"
"google maps","tag","576043"
"dismoiou","tag","576043"
"ocaml","tag","296231"
"gdb","tag","296231"
"valgrind","tag","296231"
"debug","tag","296231"
"kcachegrind","tag","296231"
"xulrunner","tag","445940"
"headless","tag","445940"
"command line","tag","445940"
"jsctypes","tag","449492"
"js ctypes","tag","449492"
"foobarfox","tag","449492"
"foobar","tag","449492"
"firefox","tag","449492"
"leak","tag","552021"
"UIWebView","tag","552021"
"nsIURIContentListener","tag","456504"
"contenttype","tag","456504"
"mimetype","tag","456504"
"mozilla","tag","456504"
"xul profiler","tag","307650"
"xul","tag","307650"
"profiler","tag","307650"
"mozilla","tag","307650"
"mozafterpaint","tag","307650"
"firefox","tag","307650"
"valgrind","tag","457209"
"kcachegrind","tag","457209"
"gdb","tag","457209"
"ocaml","tag","457209"
"profiler","tag","459971"
"memory","tag","459971"
"jetpack","tag","459971"
"firefox","tag","459971"
"windmill","tag","483920"
"selenium","tag","483920"
"mozmill","tag","483920"
"unit test","tag","483920"
"jsctypes","tag","448806"
"js","tag","448806"
"ctypes","tag","448806"
"JS Ctypes","tag","448806"
"performances","tag","197565"
"environnement","tag","197565"
"OCaml","tag","197565"
"quicksort","tag","197565"
"kaleidoscope","tag","547585"
"-moz-element","tag","547585"
"css transformation","tag","547585"
"css animation","tag","547585"
"cookies","tag","465018"
"session per tab","tag","465018"
"firefox","tag","465018"
"update server","tag","446443"
"mozilla","tag","446443"
"mccoy","tag","446443"
"extension","tag","446443"
"update.rdf","tag","446442"
"mccoy","tag","446442"
"command line","tag","446442"
"leak","tag","552060"
"UIWebView","tag","552060"
"yoono","tag","456517"
"xulrunner","tag","456517"
"portable","tag","456517"
"mozilla","tag","456517"
"chrome","tag","459004"
"jetpack","tag","459004"
"firefox","tag","459004"
"objectivec","tag","552586"
"javascript","tag","552586"
"profiling","tag","462469"
"memory","tag","462469"
"mozilla","tag","462469"
"OCaml","tag","187762"
"Mozilla","tag","187762"
"cross compilation","tag","216820"
"iphone","tag","216820"
"chumby","tag","216820"
"embarqué","tag","216820"
"ocaml","tag","216820"
"ming","tag","216820"
"mtasc","tag","216820"
"Ocaml","tag","202307"
"SDL","tag","202307"
"OpenGL","tag","202307"
"unreal","tag","202307"
"Tim sweeney","tag","202307"
"mediawiki","tag","195200"
"OCaml","tag","195200"
"programmation fonctionnelle","tag","195200"
"jquery","tag","195200"
"google maps api","tag","559339"
"F","tag","195229"
"Haskell","tag","195229"
"HOP","tag","195229"
"Intel","tag","195229"
"Ct","tag","195229"
"F","tag","295408"
"finance","tag","295408"
"Miniville","tag","188926"
"EDOS","tag","188926"
"Haxe","tag","188926"
"Xen","tag","188926"
"OCaml","tag","188926"
"kernel","tag","214199"
"mynos","tag","214199"
"noyau","tag","214199"
"OCaml","tag","214199"
"funk","tag","214199"
"nsIRequest","tag","456515"
"mozilla","tag","456515"
